,JarqueBera,LjungBox,BreushPagan
0,0.0,0.001028312501004223,8.054265349634847e-39
