,stat,pvalue,skew,kurtosis
0,13519.295591785845,0.0,-0.597907130373365,12.612477611181838
