,JarqueBera,LjungBox,BreushPagan
0,0.0,0.002392757551610248,0.009039458712171829
