,stat,pvalue,skew,kurtosis
0,12035.711912930119,0.0,-0.569047777960859,12.068502102469404
