,JarqueBera,LjungBox,BreushPagan
0,0.0,2.874900935484948e-07,5.093080523433716e-13
