,stat,pvalue,skew,kurtosis
0,24274.52977796787,0.0,-1.0584654650896594,15.787041443974246
