,JarqueBera,LjungBox,BreushPagan
0,1.7081505124343623e-185,0.013211357458173935,1.2879797002267643e-52
