,JarqueBera,LjungBox,BreushPagan
0,0.0,1.4584320443947032e-09,1.5436411458337705e-53
