,stat,pvalue,skew,kurtosis
0,30118.948042905635,0.0,-1.1972807723826182,17.23733477877212
